,participant_num,time_consentForm,time_everything,num_rated_traits,Extreme,Mystical,Old,Political,Conservative,Liberal,Moderate,Progressive,Radical,Religious,Spiritual,Young,Antipathic,Antisocial,Cold,Corrupt,Cowardly,Dependent,Dishonest,Hostile,Impolite,Lazy,Non-charismatic,Sick,Stingy,Stupid,Ugly,Unattractive,Undecided,Unimaginative,Unskilled,Without empathy,Ambitious,Busy,Calm,Changing,Competitive,Cooperative,Dreamy,Extraverted,Familiar,Formal,Intense,Introverted,Modern,Predictable,Private,Sensual,Shy,Stable,Traditional,Trendy,Attractive,Charismatic,Courageus,Creative,Decisive,Empathetic,Friendly,Generous,Hardworking,Healthy,Honest,Honorable,Independent,Intelligent,Polite,Pretty,Prosocial,Skillful,Sympathetic,Warm,RT_Extreme,RT_Mystical,RT_Old,RT_Political,RT_Conservative,RT_Liberal,RT_Moderate,RT_Progressive,RT_Radical,RT_Religious,RT_Spiritual,RT_Young,RT_Antipathic,RT_Antisocial,RT_Cold,RT_Corrupt,RT_Cowardly,RT_Dependent,RT_Dishonest,RT_Hostile,RT_Impolite,RT_Lazy,RT_Non-charismatic,RT_Sick,RT_Stingy,RT_Stupid,RT_Ugly,RT_Unattractive,RT_Undecided,RT_Unimaginative,RT_Unskilled,RT_Without empathy,RT_Ambitious,RT_Busy,RT_Calm,RT_Changing,RT_Competitive,RT_Cooperative,RT_Dreamy,RT_Extraverted,RT_Familiar,RT_Formal,RT_Intense,RT_Introverted,RT_Modern,RT_Predictable,RT_Private,RT_Sensual,RT_Shy,RT_Stable,RT_Traditional,RT_Trendy,RT_Attractive,RT_Charismatic,RT_Courageus,RT_Creative,RT_Decisive,RT_Empathetic,RT_Friendly,RT_Generous,RT_Hardworking,RT_Healthy,RT_Honest,RT_Honorable,RT_Independent,RT_Intelligent,RT_Polite,RT_Pretty,RT_Prosocial,RT_Skillful,RT_Sympathetic,RT_Warm
0,10.0,3191.0,303634.0,72.0,3.0,4.0,4.0,4.0,4.0,6.0,5.0,4.0,2.0,4.0,4.0,4.0,1.0,1.0,4.0,1.0,1.0,3.0,1.0,2.0,2.0,2.0,3.0,2.0,2.0,1.0,1.0,1.0,3.0,3.0,2.0,1.0,6.0,4.0,4.0,5.0,4.0,7.0,4.0,5.0,4.0,4.0,4.0,4.0,5.0,5.0,4.0,5.0,4.0,6.0,4.0,5.0,7.0,7.0,6.0,7.0,5.0,6.0,7.0,6.0,7.0,7.0,7.0,7.0,6.0,7.0,5.0,7.0,7.0,7.0,6.0,5.0,3076.0,3476.0,2095.0,3090.0,2265.0,11322.0,7313.0,4100.0,2676.0,3430.0,5562.0,4675.0,5421.0,2232.0,2247.0,3024.0,7693.0,2753.0,2186.0,7647.0,2012.0,3483.0,2516.0,2478.0,2654.0,2655.0,1985.0,2024.0,2342.0,2321.0,2471.0,2713.0,2885.0,2092.0,2574.0,5610.0,2967.0,3283.0,2323.0,2615.0,1838.0,3991.0,3056.0,2264.0,1972.0,2667.0,7261.0,3919.0,1910.0,2889.0,3869.0,4511.0,1892.0,3735.0,11948.0,2527.0,2562.0,6358.0,2399.0,2409.0,1792.0,2075.0,2335.0,2078.0,2585.0,2950.0,2261.0,2362.0,4397.0,2741.0,2233.0,2262.0
1,11.0,13298.0,374941.0,72.0,7.0,5.0,4.0,5.0,6.0,7.0,6.0,7.0,1.0,4.0,7.0,6.0,4.0,2.0,3.0,1.0,2.0,5.0,1.0,2.0,2.0,1.0,2.0,2.0,3.0,3.0,3.0,4.0,3.0,3.0,2.0,2.0,6.0,6.0,7.0,6.0,5.0,5.0,4.0,5.0,6.0,4.0,5.0,3.0,7.0,5.0,3.0,7.0,3.0,7.0,4.0,7.0,7.0,7.0,6.0,7.0,4.0,7.0,7.0,6.0,7.0,7.0,6.0,7.0,6.0,6.0,7.0,7.0,7.0,7.0,7.0,7.0,3786.0,2735.0,2854.0,3772.0,4991.0,3691.0,5286.0,4161.0,3275.0,2555.0,4326.0,4645.0,2960.0,13023.0,8914.0,3942.0,3291.0,3348.0,3439.0,3743.0,4064.0,3605.0,3883.0,3660.0,2612.0,2079.0,3037.0,2575.0,3064.0,3929.0,3733.0,8322.0,3772.0,5614.0,3492.0,5274.0,3776.0,2497.0,3470.0,4995.0,3093.0,2183.0,5011.0,2451.0,4669.0,6692.0,4838.0,4057.0,5888.0,3404.0,5130.0,3509.0,8649.0,3263.0,4871.0,3306.0,3329.0,3792.0,6831.0,6648.0,3024.0,3318.0,4972.0,4845.0,8302.0,4114.0,3771.0,3498.0,5977.0,3747.0,3347.0,4990.0
2,12.0,6494.0,341788.0,72.0,3.0,5.0,5.0,2.0,5.0,3.0,5.0,4.0,5.0,1.0,3.0,4.0,1.0,4.0,3.0,1.0,1.0,3.0,2.0,1.0,1.0,3.0,2.0,2.0,1.0,2.0,3.0,4.0,5.0,2.0,2.0,2.0,5.0,4.0,6.0,4.0,3.0,7.0,4.0,5.0,5.0,3.0,5.0,6.0,4.0,5.0,6.0,4.0,5.0,7.0,6.0,3.0,5.0,6.0,7.0,6.0,6.0,7.0,6.0,7.0,6.0,6.0,7.0,6.0,6.0,7.0,6.0,4.0,4.0,7.0,6.0,6.0,4071.0,4701.0,5503.0,4423.0,2856.0,5646.0,3645.0,5875.0,3053.0,3150.0,2879.0,1523.0,5272.0,7094.0,3934.0,3170.0,3385.0,3669.0,2717.0,3426.0,6909.0,5537.0,3122.0,4007.0,3271.0,3427.0,4492.0,2472.0,4138.0,20144.0,3430.0,2900.0,9562.0,4096.0,8524.0,3264.0,4733.0,4040.0,4465.0,6198.0,3391.0,3463.0,2837.0,3166.0,2058.0,3174.0,2764.0,3239.0,4009.0,4212.0,3853.0,3047.0,2964.0,3928.0,2806.0,2679.0,3128.0,3070.0,2645.0,3182.0,2785.0,4008.0,3310.0,2563.0,3383.0,2765.0,2963.0,1050.0,2796.0,4188.0,2281.0,3623.0
3,13.0,16816.0,325225.0,72.0,4.0,3.0,4.0,3.0,5.0,2.0,5.0,2.0,3.0,7.0,1.0,6.0,2.0,2.0,2.0,1.0,2.0,4.0,3.0,3.0,1.0,2.0,3.0,1.0,3.0,3.0,2.0,1.0,3.0,3.0,2.0,4.0,7.0,4.0,6.0,4.0,5.0,6.0,5.0,5.0,7.0,6.0,5.0,5.0,4.0,3.0,3.0,6.0,4.0,6.0,7.0,2.0,6.0,7.0,6.0,6.0,6.0,6.0,6.0,6.0,6.0,7.0,7.0,7.0,6.0,7.0,7.0,7.0,6.0,6.0,7.0,7.0,3471.0,1919.0,4364.0,3825.0,4810.0,3289.0,4165.0,3753.0,2464.0,3814.0,1998.0,3050.0,11628.0,5299.0,3096.0,3385.0,1756.0,2954.0,2094.0,5793.0,2349.0,2350.0,18070.0,2280.0,3857.0,3095.0,2382.0,2031.0,1702.0,3958.0,3023.0,6384.0,1975.0,2849.0,1971.0,1927.0,2464.0,8575.0,3806.0,2600.0,3458.0,1554.0,3094.0,6478.0,3362.0,2581.0,3083.0,3113.0,1934.0,8127.0,1956.0,5304.0,2330.0,1623.0,1936.0,2985.0,1791.0,1711.0,6520.0,1929.0,9457.0,3093.0,2303.0,2343.0,2090.0,2144.0,2320.0,1975.0,6183.0,1876.0,2022.0,6873.0
4,14.0,30845.0,264319.0,72.0,3.0,4.0,3.0,4.0,2.0,7.0,6.0,7.0,3.0,1.0,4.0,6.0,2.0,3.0,3.0,1.0,2.0,4.0,1.0,2.0,2.0,4.0,4.0,4.0,4.0,1.0,4.0,3.0,3.0,4.0,3.0,2.0,5.0,3.0,6.0,3.0,3.0,5.0,4.0,2.0,4.0,3.0,4.0,6.0,6.0,5.0,5.0,5.0,4.0,6.0,2.0,4.0,6.0,6.0,6.0,5.0,4.0,6.0,6.0,5.0,6.0,6.0,6.0,7.0,6.0,7.0,6.0,6.0,4.0,6.0,6.0,6.0,1821.0,2526.0,1890.0,3458.0,1764.0,1802.0,1690.0,1619.0,2625.0,2361.0,992.0,1700.0,3080.0,4337.0,2987.0,1832.0,1890.0,1887.0,7026.0,5511.0,1797.0,5483.0,3189.0,3405.0,1397.0,1755.0,3289.0,4471.0,4113.0,1620.0,1819.0,1892.0,1811.0,3229.0,1632.0,1928.0,2527.0,2204.0,2337.0,2398.0,2118.0,2258.0,1734.0,2420.0,1697.0,2702.0,2513.0,3436.0,3356.0,2419.0,1918.0,2437.0,2810.0,1646.0,2459.0,2373.0,2666.0,2210.0,5365.0,2686.0,2529.0,2293.0,2076.0,1677.0,1809.0,1986.0,2808.0,2425.0,2672.0,4902.0,1744.0,5470.0
5,15.0,10516.0,252855.0,72.0,3.0,4.0,4.0,4.0,3.0,5.0,4.0,5.0,3.0,4.0,4.0,5.0,4.0,3.0,4.0,1.0,3.0,2.0,1.0,1.0,2.0,2.0,2.0,1.0,3.0,2.0,4.0,4.0,3.0,3.0,2.0,2.0,5.0,3.0,6.0,3.0,5.0,6.0,6.0,4.0,5.0,5.0,4.0,4.0,5.0,4.0,6.0,4.0,3.0,6.0,4.0,5.0,4.0,6.0,5.0,6.0,6.0,5.0,6.0,5.0,6.0,7.0,6.0,6.0,6.0,6.0,7.0,4.0,6.0,5.0,6.0,6.0,2282.0,3430.0,4383.0,2524.0,1794.0,1800.0,2400.0,2222.0,2470.0,2111.0,1912.0,2941.0,1.0,1836.0,3451.0,2109.0,4354.0,2150.0,1860.0,2173.0,1936.0,1800.0,1768.0,2144.0,1830.0,1815.0,1820.0,2757.0,2693.0,1865.0,2147.0,2499.0,1801.0,3925.0,1951.0,3528.0,2350.0,2310.0,2804.0,2347.0,2179.0,2255.0,4103.0,4641.0,1628.0,4986.0,2925.0,2591.0,1797.0,1965.0,3585.0,2291.0,1900.0,2037.0,3382.0,1650.0,2201.0,2637.0,1372.0,1494.0,2908.0,6188.0,6319.0,2406.0,2251.0,3439.0,4572.0,2486.0,10716.0,3416.0,1962.0,1470.0
6,17.0,5239.0,353722.0,72.0,5.0,4.0,4.0,3.0,5.0,6.0,4.0,6.0,5.0,4.0,4.0,5.0,2.0,4.0,4.0,1.0,4.0,4.0,2.0,5.0,2.0,4.0,2.0,3.0,3.0,3.0,4.0,4.0,2.0,2.0,2.0,4.0,6.0,5.0,5.0,4.0,5.0,6.0,4.0,5.0,4.0,5.0,5.0,4.0,5.0,5.0,6.0,4.0,4.0,6.0,3.0,4.0,4.0,6.0,5.0,7.0,5.0,4.0,6.0,6.0,6.0,6.0,6.0,6.0,6.0,6.0,4.0,4.0,5.0,7.0,5.0,5.0,1788.0,1333.0,1872.0,2196.0,2153.0,2155.0,1572.0,2895.0,1965.0,1685.0,3835.0,4792.0,19148.0,1895.0,1357.0,2691.0,11605.0,46692.0,1753.0,2513.0,4152.0,2262.0,2607.0,3995.0,18715.0,3422.0,1566.0,1375.0,3375.0,2345.0,2286.0,3064.0,2011.0,1616.0,3037.0,2794.0,2089.0,6524.0,1311.0,1695.0,1552.0,3534.0,2158.0,1833.0,1994.0,3074.0,1731.0,2037.0,1637.0,3713.0,3945.0,3957.0,1803.0,2677.0,2391.0,3881.0,2392.0,4452.0,1788.0,2577.0,3739.0,9973.0,2106.0,2063.0,1900.0,13045.0,1861.0,1715.0,2249.0,2056.0,2076.0,2930.0
7,18.0,21619.0,281270.0,72.0,2.0,5.0,5.0,5.0,3.0,6.0,6.0,6.0,2.0,3.0,5.0,6.0,1.0,3.0,3.0,1.0,2.0,2.0,1.0,1.0,1.0,2.0,2.0,2.0,2.0,1.0,2.0,2.0,2.0,1.0,1.0,2.0,6.0,5.0,7.0,5.0,6.0,6.0,6.0,5.0,5.0,5.0,3.0,5.0,6.0,5.0,5.0,5.0,5.0,7.0,5.0,5.0,6.0,6.0,7.0,6.0,7.0,5.0,6.0,7.0,7.0,7.0,7.0,6.0,6.0,7.0,7.0,5.0,3.0,7.0,7.0,7.0,2618.0,1953.0,2391.0,2833.0,2828.0,2357.0,3445.0,3086.0,3741.0,2269.0,3749.0,2553.0,3219.0,2097.0,2604.0,2737.0,2471.0,2816.0,4500.0,4865.0,3370.0,1915.0,2407.0,2749.0,2059.0,2641.0,2768.0,3339.0,3069.0,2763.0,2891.0,2553.0,3368.0,2687.0,2625.0,1975.0,2769.0,2205.0,2750.0,2154.0,2775.0,1830.0,3011.0,10750.0,2279.0,4835.0,3690.0,4041.0,3408.0,2289.0,8277.0,2283.0,2183.0,1950.0,2006.0,2445.0,2660.0,5835.0,1926.0,2049.0,2751.0,2114.0,2873.0,2530.0,3064.0,2736.0,2296.0,2087.0,3058.0,2045.0,2209.0,3176.0
8,19.0,2318.0,279213.0,72.0,2.0,5.0,4.0,4.0,5.0,4.0,4.0,5.0,2.0,4.0,4.0,4.0,3.0,2.0,1.0,1.0,3.0,3.0,1.0,1.0,2.0,2.0,3.0,1.0,3.0,2.0,4.0,4.0,3.0,3.0,4.0,2.0,5.0,5.0,5.0,4.0,5.0,5.0,4.0,4.0,5.0,4.0,3.0,3.0,4.0,3.0,3.0,6.0,4.0,4.0,5.0,5.0,5.0,5.0,5.0,5.0,5.0,5.0,6.0,5.0,6.0,6.0,5.0,5.0,5.0,5.0,5.0,5.0,3.0,5.0,5.0,5.0,3383.0,5768.0,3034.0,3587.0,5060.0,2521.0,2997.0,2540.0,5506.0,2538.0,2624.0,2643.0,3116.0,3638.0,2996.0,2666.0,2295.0,3785.0,2728.0,3439.0,2961.0,2670.0,4391.0,3366.0,2971.0,3191.0,3077.0,2931.0,2762.0,2245.0,5039.0,3131.0,2453.0,3570.0,2894.0,3546.0,3327.0,2463.0,4267.0,3977.0,2909.0,5980.0,3448.0,3471.0,2662.0,3288.0,2605.0,2796.0,2579.0,2833.0,2572.0,2263.0,2814.0,2540.0,2886.0,3213.0,3671.0,2895.0,2875.0,2134.0,2363.0,3253.0,2180.0,2469.0,2605.0,1917.0,2769.0,2209.0,4327.0,3615.0,3761.0,2285.0
9,20.0,36274.0,290598.0,72.0,2.0,5.0,2.0,1.0,1.0,7.0,4.0,6.0,2.0,1.0,3.0,5.0,4.0,2.0,3.0,3.0,2.0,2.0,2.0,2.0,1.0,2.0,3.0,3.0,2.0,2.0,1.0,2.0,3.0,2.0,2.0,3.0,3.0,3.0,6.0,5.0,1.0,6.0,5.0,3.0,6.0,5.0,5.0,2.0,6.0,1.0,6.0,7.0,2.0,6.0,3.0,2.0,3.0,5.0,6.0,6.0,5.0,6.0,7.0,5.0,5.0,7.0,5.0,6.0,5.0,6.0,6.0,3.0,4.0,7.0,6.0,6.0,9530.0,2289.0,2043.0,2293.0,2123.0,2602.0,1779.0,2229.0,2748.0,3451.0,2957.0,2113.0,1332.0,3145.0,2550.0,1820.0,3272.0,2427.0,4880.0,1892.0,2478.0,2135.0,3426.0,2333.0,2658.0,3085.0,2844.0,3833.0,2815.0,2686.0,2288.0,3294.0,2134.0,2039.0,2401.0,5661.0,2425.0,1917.0,2190.0,2436.0,2089.0,2738.0,2258.0,2729.0,3102.0,2441.0,2473.0,3234.0,3055.0,2601.0,2799.0,4131.0,3017.0,3796.0,2180.0,2927.0,3559.0,2623.0,2109.0,1914.0,2510.0,2182.0,1709.0,5692.0,2212.0,3182.0,1937.0,2209.0,1451.0,2557.0,2142.0,1732.0
10,21.0,5593.0,204337.0,72.0,4.0,4.0,4.0,4.0,4.0,4.0,4.0,4.0,4.0,4.0,4.0,4.0,3.0,3.0,3.0,2.0,2.0,4.0,2.0,2.0,2.0,3.0,3.0,4.0,3.0,1.0,2.0,2.0,3.0,4.0,4.0,2.0,6.0,4.0,5.0,4.0,5.0,5.0,4.0,4.0,4.0,4.0,4.0,4.0,5.0,4.0,4.0,5.0,4.0,5.0,4.0,5.0,6.0,6.0,6.0,6.0,4.0,6.0,6.0,5.0,6.0,6.0,6.0,6.0,5.0,6.0,5.0,6.0,4.0,5.0,5.0,6.0,3755.0,2688.0,1246.0,1461.0,2949.0,1463.0,2675.0,2113.0,1209.0,921.0,1630.0,1376.0,1686.0,2763.0,1918.0,2043.0,2132.0,1550.0,1865.0,3491.0,2089.0,2189.0,1859.0,1842.0,1749.0,2894.0,2058.0,2575.0,2514.0,2734.0,1124.0,2395.0,1921.0,1916.0,1680.0,1520.0,3449.0,2365.0,1048.0,2160.0,949.0,1139.0,1474.0,1534.0,3389.0,5068.0,1715.0,1709.0,1263.0,1705.0,1289.0,1605.0,2626.0,2785.0,4576.0,1690.0,2143.0,2438.0,3033.0,1976.0,6182.0,1826.0,1917.0,1811.0,3360.0,1556.0,1594.0,1687.0,1121.0,1670.0,1995.0,2154.0
11,22.0,9339.0,472900.0,72.0,3.0,2.0,4.0,4.0,2.0,4.0,4.0,6.0,3.0,1.0,4.0,3.0,3.0,2.0,4.0,2.0,3.0,3.0,1.0,1.0,3.0,3.0,4.0,3.0,4.0,2.0,2.0,4.0,3.0,3.0,3.0,2.0,4.0,4.0,7.0,4.0,4.0,5.0,5.0,2.0,4.0,4.0,3.0,6.0,4.0,4.0,4.0,4.0,3.0,5.0,3.0,2.0,4.0,4.0,5.0,5.0,4.0,5.0,5.0,5.0,5.0,5.0,6.0,5.0,5.0,6.0,4.0,4.0,4.0,5.0,5.0,6.0,2495.0,4360.0,1623.0,6295.0,3559.0,2705.0,1755.0,5120.0,3411.0,3247.0,3955.0,1864.0,3544.0,2518.0,2402.0,3812.0,2506.0,2410.0,3067.0,2271.0,5102.0,2032.0,1464.0,4615.0,1790.0,2553.0,2509.0,1915.0,2569.0,2111.0,2388.0,2663.0,2159.0,2768.0,4990.0,3510.0,2644.0,1779.0,2740.0,2810.0,2252.0,2369.0,2811.0,9696.0,1539.0,4444.0,1113.0,1541.0,3764.0,2894.0,2952.0,2141.0,1026.0,3626.0,2617.0,2207.0,2869.0,2930.0,3444.0,1933.0,2238.0,1530.0,2244.0,3884.0,2328.0,2970.0,2048.0,1404.0,2288.0,4151.0,2236.0,3132.0
12,23.0,21190.0,267485.0,72.0,1.0,4.0,2.0,4.0,3.0,6.0,6.0,7.0,1.0,4.0,5.0,4.0,1.0,1.0,2.0,1.0,1.0,1.0,1.0,1.0,1.0,1.0,1.0,1.0,2.0,1.0,4.0,4.0,1.0,1.0,1.0,1.0,1.0,3.0,7.0,1.0,7.0,7.0,4.0,6.0,7.0,4.0,6.0,5.0,6.0,5.0,6.0,4.0,5.0,7.0,5.0,4.0,4.0,7.0,7.0,7.0,7.0,7.0,7.0,7.0,6.0,7.0,7.0,7.0,7.0,7.0,7.0,4.0,6.0,7.0,7.0,6.0,1961.0,1795.0,3170.0,2906.0,3151.0,3026.0,2078.0,2138.0,1960.0,6030.0,2479.0,1878.0,2445.0,2248.0,3370.0,2358.0,2736.0,7204.0,2244.0,2235.0,2177.0,2111.0,5035.0,2206.0,2486.0,2247.0,901.0,1622.0,2377.0,2199.0,2477.0,2820.0,3284.0,4408.0,2107.0,2522.0,2325.0,2299.0,2658.0,2327.0,2990.0,3318.0,2298.0,2761.0,2536.0,3150.0,3376.0,2619.0,2968.0,2778.0,2903.0,5270.0,1399.0,2015.0,2152.0,2417.0,2389.0,2841.0,2078.0,2155.0,2486.0,2373.0,2416.0,2708.0,2293.0,2269.0,1938.0,4230.0,2749.0,2488.0,2056.0,2288.0
13,24.0,3403.0,449472.0,72.0,3.0,3.0,4.0,3.0,3.0,5.0,4.0,5.0,2.0,3.0,4.0,4.0,3.0,3.0,2.0,1.0,2.0,3.0,2.0,1.0,2.0,2.0,2.0,2.0,2.0,2.0,2.0,3.0,3.0,3.0,2.0,2.0,6.0,3.0,6.0,3.0,5.0,6.0,4.0,5.0,5.0,5.0,5.0,4.0,5.0,3.0,5.0,5.0,4.0,3.0,4.0,5.0,6.0,6.0,5.0,6.0,5.0,6.0,6.0,5.0,5.0,6.0,6.0,6.0,6.0,6.0,6.0,6.0,6.0,6.0,6.0,6.0,4105.0,2828.0,2135.0,4114.0,5701.0,2576.0,12208.0,1856.0,4035.0,3017.0,13101.0,1483.0,4390.0,2381.0,1896.0,3954.0,11844.0,3211.0,2256.0,11701.0,1899.0,2132.0,3896.0,2815.0,10012.0,2291.0,4165.0,4506.0,3481.0,7960.0,5342.0,2785.0,3847.0,3995.0,2597.0,18618.0,3047.0,2548.0,13894.0,4276.0,1887.0,11084.0,15487.0,5872.0,2481.0,5491.0,1793.0,2838.0,2427.0,4063.0,2155.0,2110.0,4951.0,3620.0,15530.0,5625.0,2080.0,14398.0,2211.0,18319.0,2411.0,4324.0,3545.0,3328.0,5171.0,2253.0,1899.0,2009.0,4705.0,2626.0,28695.0,2697.0
14,25.0,15948.0,414267.0,72.0,4.0,6.0,4.0,4.0,4.0,4.0,5.0,7.0,6.0,4.0,6.0,5.0,4.0,3.0,2.0,1.0,2.0,7.0,1.0,1.0,1.0,1.0,3.0,2.0,2.0,2.0,3.0,2.0,3.0,3.0,2.0,2.0,6.0,4.0,6.0,4.0,6.0,5.0,5.0,6.0,6.0,5.0,4.0,3.0,6.0,3.0,5.0,6.0,3.0,6.0,4.0,4.0,6.0,6.0,7.0,7.0,7.0,7.0,6.0,6.0,7.0,7.0,7.0,7.0,7.0,6.0,7.0,5.0,6.0,6.0,6.0,6.0,3281.0,8006.0,5963.0,3273.0,1926.0,2259.0,6642.0,3610.0,7261.0,2706.0,3501.0,6138.0,4287.0,3813.0,4502.0,3591.0,4494.0,5799.0,4817.0,4793.0,3598.0,4159.0,4769.0,4717.0,8372.0,4883.0,3780.0,5022.0,3994.0,3631.0,7720.0,6734.0,3322.0,3586.0,3574.0,3637.0,3274.0,4007.0,3142.0,8215.0,3789.0,4116.0,4299.0,4706.0,3898.0,4979.0,3880.0,3693.0,3900.0,3644.0,3154.0,1782.0,5423.0,3551.0,12084.0,4878.0,4310.0,4292.0,3164.0,3269.0,5563.0,3253.0,4382.0,6301.0,6109.0,4200.0,5076.0,4037.0,3674.0,4439.0,4407.0,3063.0
15,26.0,765749.0,1016326.0,72.0,7.0,3.0,2.0,1.0,6.0,5.0,5.0,7.0,6.0,6.0,5.0,5.0,2.0,1.0,3.0,2.0,1.0,1.0,1.0,6.0,2.0,3.0,2.0,3.0,3.0,2.0,1.0,2.0,1.0,1.0,2.0,3.0,6.0,7.0,7.0,5.0,7.0,6.0,3.0,3.0,6.0,7.0,5.0,2.0,6.0,6.0,7.0,6.0,2.0,7.0,6.0,5.0,7.0,7.0,6.0,7.0,6.0,7.0,7.0,6.0,6.0,6.0,5.0,7.0,7.0,7.0,7.0,7.0,5.0,7.0,5.0,5.0,1618.0,2231.0,2215.0,2203.0,3311.0,2240.0,1612.0,1750.0,1509.0,2698.0,4025.0,6612.0,2027.0,3607.0,2198.0,2682.0,1943.0,3161.0,5424.0,5143.0,3784.0,2628.0,2308.0,2653.0,1700.0,2126.0,2221.0,2295.0,3345.0,2069.0,6327.0,5296.0,2697.0,1982.0,1725.0,2848.0,2572.0,4813.0,1964.0,2156.0,1487.0,4578.0,1992.0,2206.0,2934.0,1469.0,2502.0,1861.0,3871.0,1475.0,2253.0,2315.0,4912.0,2107.0,2416.0,3124.0,1359.0,3684.0,1606.0,5492.0,1787.0,2253.0,1681.0,5455.0,3251.0,1578.0,3420.0,2450.0,3272.0,1782.0,2004.0,2007.0
16,27.0,59801.0,504711.0,72.0,3.0,3.0,4.0,6.0,1.0,6.0,5.0,6.0,3.0,2.0,3.0,4.0,1.0,2.0,2.0,2.0,2.0,2.0,2.0,2.0,1.0,4.0,2.0,1.0,3.0,2.0,1.0,1.0,4.0,3.0,2.0,3.0,6.0,3.0,6.0,6.0,5.0,6.0,6.0,5.0,7.0,3.0,3.0,2.0,5.0,3.0,4.0,5.0,2.0,6.0,2.0,5.0,7.0,5.0,3.0,6.0,5.0,6.0,6.0,3.0,6.0,7.0,5.0,6.0,7.0,6.0,7.0,7.0,5.0,6.0,6.0,5.0,6268.0,10956.0,2358.0,6446.0,3980.0,4159.0,16293.0,4187.0,3713.0,3274.0,4141.0,4797.0,4272.0,6408.0,4100.0,6140.0,10270.0,3626.0,9692.0,4650.0,2694.0,2601.0,4547.0,3343.0,5233.0,4858.0,3370.0,3785.0,8205.0,4820.0,9594.0,4794.0,2601.0,5635.0,7428.0,3638.0,4160.0,3753.0,3665.0,4776.0,7989.0,6002.0,3777.0,4804.0,4309.0,7137.0,5160.0,4559.0,5737.0,7291.0,3470.0,4715.0,6619.0,6478.0,3643.0,9013.0,8649.0,4464.0,2924.0,7548.0,3126.0,6745.0,6968.0,6167.0,5947.0,4816.0,8387.0,6202.0,9229.0,2950.0,4426.0,5519.0
17,28.0,128616.0,659338.0,72.0,4.0,5.0,4.0,4.0,3.0,6.0,5.0,7.0,4.0,4.0,5.0,4.0,3.0,3.0,4.0,1.0,3.0,2.0,2.0,3.0,2.0,1.0,4.0,2.0,3.0,2.0,4.0,4.0,2.0,3.0,4.0,1.0,7.0,4.0,6.0,6.0,6.0,7.0,5.0,4.0,5.0,5.0,4.0,4.0,4.0,4.0,5.0,4.0,4.0,5.0,4.0,4.0,4.0,6.0,7.0,5.0,6.0,6.0,6.0,6.0,7.0,7.0,6.0,6.0,6.0,6.0,6.0,4.0,4.0,7.0,5.0,6.0,1356.0,2281.0,2906.0,2000.0,2824.0,3958.0,2087.0,3004.0,5176.0,1591.0,3137.0,2356.0,3101.0,2835.0,2554.0,2549.0,3541.0,3905.0,2865.0,1633.0,4250.0,6573.0,1908.0,3204.0,3806.0,3316.0,1418.0,4390.0,3522.0,3399.0,4168.0,3753.0,154565.0,2926.0,2448.0,3330.0,2033.0,2644.0,5170.0,2262.0,2189.0,1807.0,3248.0,1420.0,25609.0,2095.0,5529.0,1768.0,2530.0,5705.0,1680.0,4355.0,1845.0,5597.0,2633.0,58341.0,1661.0,10204.0,6869.0,1736.0,2061.0,2113.0,2796.0,3809.0,2760.0,3186.0,2826.0,2427.0,2169.0,25373.0,2099.0,1859.0
18,29.0,24027.0,486113.0,72.0,7.0,6.0,2.0,2.0,2.0,7.0,5.0,7.0,2.0,1.0,1.0,6.0,3.0,3.0,2.0,1.0,1.0,2.0,2.0,1.0,1.0,2.0,6.0,2.0,1.0,1.0,3.0,3.0,1.0,2.0,2.0,1.0,6.0,2.0,7.0,5.0,7.0,7.0,6.0,7.0,6.0,6.0,6.0,3.0,6.0,7.0,7.0,6.0,3.0,7.0,3.0,7.0,6.0,7.0,7.0,7.0,7.0,6.0,7.0,7.0,7.0,7.0,7.0,7.0,6.0,7.0,7.0,7.0,7.0,7.0,6.0,7.0,3866.0,4874.0,3117.0,3188.0,3294.0,3419.0,4116.0,3437.0,4968.0,4957.0,2822.0,6182.0,23656.0,3244.0,5214.0,3358.0,2824.0,3705.0,2734.0,2384.0,4539.0,7960.0,2697.0,4092.0,2663.0,4116.0,2916.0,3003.0,3882.0,3466.0,2638.0,6747.0,4234.0,20241.0,3605.0,3807.0,3994.0,3390.0,4648.0,23362.0,3873.0,4286.0,3421.0,3533.0,2996.0,7777.0,4068.0,16698.0,3461.0,2975.0,5574.0,22213.0,5119.0,4764.0,4654.0,3063.0,3516.0,26989.0,3269.0,3537.0,4610.0,3579.0,3188.0,14106.0,4021.0,4096.0,4265.0,3212.0,3839.0,4499.0,6185.0,2952.0
19,30.0,96219.0,607568.0,72.0,2.0,5.0,4.0,4.0,4.0,4.0,5.0,5.0,2.0,2.0,5.0,4.0,2.0,2.0,4.0,1.0,1.0,3.0,1.0,2.0,1.0,1.0,3.0,1.0,2.0,2.0,3.0,3.0,3.0,3.0,2.0,1.0,5.0,4.0,5.0,3.0,3.0,7.0,4.0,5.0,6.0,4.0,5.0,3.0,5.0,3.0,5.0,5.0,3.0,6.0,4.0,5.0,5.0,6.0,7.0,6.0,6.0,7.0,7.0,6.0,7.0,7.0,7.0,7.0,7.0,7.0,6.0,5.0,6.0,7.0,7.0,6.0,4500.0,3379.0,4098.0,2584.0,3006.0,3570.0,3170.0,3798.0,3728.0,3311.0,4598.0,3138.0,5130.0,4048.0,11543.0,3616.0,14953.0,4358.0,3399.0,3458.0,3927.0,3885.0,3486.0,3959.0,9728.0,5301.0,3321.0,4766.0,2998.0,4135.0,3556.0,3816.0,3837.0,3176.0,3688.0,5726.0,3988.0,10076.0,4676.0,4537.0,5099.0,3157.0,8417.0,12256.0,4379.0,3267.0,10466.0,3937.0,4273.0,3433.0,4698.0,46580.0,3137.0,3477.0,3105.0,5820.0,3653.0,14990.0,3304.0,3915.0,5136.0,3757.0,3408.0,3717.0,4006.0,3326.0,3757.0,6838.0,3796.0,4619.0,8387.0,2877.0
20,32.0,17358.0,195551.0,72.0,5.0,3.0,2.0,1.0,1.0,3.0,6.0,7.0,5.0,6.0,2.0,5.0,3.0,6.0,2.0,3.0,3.0,3.0,2.0,5.0,2.0,2.0,2.0,6.0,1.0,1.0,1.0,1.0,2.0,2.0,1.0,2.0,5.0,3.0,6.0,5.0,5.0,7.0,2.0,3.0,6.0,6.0,6.0,2.0,7.0,6.0,6.0,6.0,3.0,7.0,6.0,3.0,7.0,6.0,5.0,6.0,7.0,6.0,5.0,6.0,7.0,3.0,7.0,6.0,6.0,6.0,6.0,2.0,7.0,5.0,3.0,6.0,1720.0,1408.0,4243.0,1398.0,1494.0,6979.0,1045.0,1285.0,1740.0,1732.0,1350.0,1573.0,1829.0,1008.0,1395.0,2156.0,1501.0,1952.0,1048.0,1321.0,1333.0,3211.0,2140.0,1145.0,2119.0,1509.0,1760.0,1783.0,2131.0,2308.0,1433.0,1741.0,1325.0,1580.0,1534.0,1542.0,2123.0,1238.0,1257.0,1225.0,2812.0,1252.0,3208.0,1157.0,1620.0,1359.0,2423.0,5105.0,1740.0,1334.0,2160.0,1353.0,1515.0,1444.0,2772.0,1295.0,1151.0,10085.0,2210.0,1111.0,1697.0,1607.0,1399.0,1730.0,1351.0,1054.0,1311.0,1073.0,1712.0,1351.0,1387.0,1607.0
21,33.0,28263.0,328554.0,72.0,6.0,5.0,4.0,3.0,4.0,5.0,4.0,5.0,3.0,4.0,5.0,4.0,3.0,4.0,1.0,2.0,2.0,3.0,1.0,3.0,1.0,3.0,2.0,2.0,3.0,2.0,3.0,2.0,4.0,1.0,2.0,1.0,6.0,5.0,5.0,3.0,5.0,7.0,5.0,3.0,6.0,3.0,5.0,4.0,4.0,3.0,5.0,6.0,5.0,5.0,4.0,5.0,6.0,6.0,6.0,6.0,6.0,7.0,7.0,6.0,6.0,6.0,6.0,5.0,6.0,7.0,7.0,4.0,4.0,6.0,6.0,7.0,2504.0,2698.0,2923.0,3137.0,3082.0,2396.0,2112.0,3430.0,3737.0,2623.0,4846.0,1911.0,3316.0,2182.0,3590.0,3073.0,2596.0,3680.0,3038.0,3381.0,2837.0,4382.0,2732.0,4155.0,6267.0,3322.0,2519.0,3655.0,3372.0,2928.0,2887.0,8571.0,2387.0,6360.0,9907.0,6778.0,3158.0,4561.0,2910.0,3745.0,3319.0,4118.0,2548.0,4460.0,3245.0,7458.0,4202.0,2740.0,3408.0,2415.0,3384.0,2140.0,1995.0,2815.0,3300.0,3150.0,4140.0,2104.0,2983.0,2357.0,2143.0,2847.0,2896.0,2033.0,2644.0,2541.0,4807.0,2967.0,3347.0,3375.0,2744.0,2301.0
22,34.0,15643.0,548247.0,72.0,3.0,4.0,6.0,5.0,3.0,5.0,5.0,6.0,4.0,5.0,4.0,5.0,2.0,1.0,2.0,1.0,3.0,3.0,1.0,1.0,2.0,1.0,3.0,3.0,3.0,3.0,5.0,5.0,2.0,3.0,2.0,1.0,5.0,4.0,6.0,5.0,5.0,7.0,3.0,3.0,5.0,4.0,4.0,3.0,5.0,5.0,5.0,4.0,3.0,6.0,5.0,4.0,5.0,5.0,6.0,5.0,7.0,5.0,6.0,5.0,7.0,7.0,7.0,6.0,6.0,6.0,7.0,5.0,4.0,7.0,6.0,6.0,4089.0,8608.0,6828.0,6620.0,6788.0,5792.0,6576.0,4545.0,4789.0,6452.0,9899.0,10521.0,5669.0,4152.0,7027.0,5006.0,5507.0,12907.0,4186.0,4193.0,4902.0,5096.0,20041.0,7468.0,6064.0,6571.0,4527.0,6664.0,4307.0,5347.0,4825.0,5155.0,5121.0,6749.0,5553.0,8889.0,7075.0,6746.0,5296.0,10004.0,6252.0,8649.0,5986.0,4225.0,9230.0,6987.0,5030.0,4979.0,13203.0,8262.0,14577.0,4771.0,4325.0,5082.0,8776.0,5340.0,4844.0,4778.0,5324.0,4975.0,5608.0,5291.0,4617.0,5118.0,5640.0,4867.0,5430.0,11780.0,4989.0,4974.0,5002.0,5615.0
23,35.0,19733.0,420023.0,72.0,4.0,4.0,3.0,4.0,5.0,4.0,5.0,5.0,3.0,4.0,5.0,5.0,3.0,3.0,4.0,2.0,4.0,2.0,2.0,2.0,2.0,1.0,2.0,3.0,3.0,1.0,2.0,2.0,3.0,3.0,2.0,2.0,6.0,3.0,6.0,5.0,5.0,5.0,5.0,5.0,5.0,5.0,4.0,4.0,5.0,3.0,5.0,5.0,4.0,5.0,5.0,5.0,6.0,6.0,6.0,6.0,4.0,6.0,6.0,7.0,7.0,6.0,7.0,5.0,6.0,6.0,7.0,6.0,5.0,6.0,6.0,6.0,4636.0,3248.0,2084.0,3566.0,7365.0,2185.0,4596.0,3538.0,3724.0,1719.0,2987.0,3349.0,45412.0,2023.0,3418.0,2252.0,1.0,3988.0,1714.0,10620.0,4461.0,4880.0,3741.0,3372.0,7594.0,2171.0,2146.0,2174.0,2157.0,16229.0,6351.0,3065.0,4261.0,5754.0,2631.0,8756.0,2966.0,2490.0,3658.0,14179.0,3823.0,2987.0,2740.0,3444.0,2867.0,5215.0,2693.0,4179.0,2648.0,18439.0,2152.0,3833.0,4512.0,2108.0,7902.0,3275.0,11174.0,2422.0,2289.0,9352.0,2198.0,2541.0,2708.0,2660.0,2624.0,1914.0,2250.0,2353.0,2413.0,2494.0,12450.0,2841.0
24,36.0,35699.0,298710.0,72.0,3.0,4.0,4.0,3.0,3.0,6.0,4.0,5.0,4.0,3.0,5.0,4.0,1.0,2.0,3.0,1.0,1.0,4.0,1.0,1.0,2.0,2.0,3.0,4.0,2.0,2.0,4.0,3.0,4.0,3.0,3.0,2.0,3.0,4.0,5.0,4.0,3.0,6.0,4.0,6.0,6.0,4.0,4.0,4.0,5.0,4.0,4.0,4.0,3.0,6.0,4.0,4.0,7.0,7.0,7.0,7.0,6.0,7.0,7.0,6.0,7.0,5.0,7.0,7.0,6.0,7.0,5.0,5.0,5.0,6.0,6.0,6.0,4633.0,2255.0,3052.0,4007.0,3565.0,6541.0,1296.0,1935.0,6861.0,2671.0,6948.0,2717.0,3196.0,3259.0,2385.0,2341.0,2223.0,2163.0,2989.0,3006.0,3348.0,3906.0,5243.0,1747.0,3112.0,2815.0,3161.0,3698.0,1927.0,2506.0,3364.0,3945.0,3809.0,2014.0,3400.0,2145.0,3085.0,2638.0,1738.0,2307.0,2836.0,1604.0,2399.0,2034.0,2428.0,2959.0,1887.0,2799.0,2485.0,3726.0,1544.0,1665.0,2824.0,3113.0,3091.0,2270.0,2566.0,2748.0,2491.0,2646.0,2866.0,4339.0,2873.0,2490.0,3461.0,2464.0,2846.0,4311.0,3368.0,3765.0,2390.0,2751.0
25,37.0,6433.0,326017.0,72.0,4.0,4.0,3.0,7.0,7.0,3.0,4.0,1.0,2.0,6.0,7.0,4.0,1.0,1.0,1.0,1.0,1.0,1.0,1.0,1.0,1.0,1.0,3.0,2.0,2.0,1.0,1.0,3.0,1.0,1.0,1.0,1.0,5.0,6.0,7.0,2.0,5.0,7.0,6.0,3.0,2.0,5.0,5.0,4.0,2.0,6.0,5.0,1.0,2.0,7.0,7.0,4.0,5.0,5.0,7.0,7.0,5.0,7.0,7.0,7.0,7.0,7.0,7.0,7.0,7.0,7.0,7.0,5.0,4.0,7.0,6.0,5.0,6096.0,2257.0,2488.0,4425.0,2873.0,8034.0,3671.0,3405.0,3391.0,3181.0,2832.0,1878.0,2496.0,2546.0,6855.0,3727.0,3936.0,4405.0,2504.0,7183.0,3163.0,2243.0,2920.0,7999.0,18062.0,3670.0,3316.0,4377.0,3074.0,3666.0,3878.0,2350.0,5012.0,3740.0,2228.0,3025.0,5450.0,3552.0,4811.0,6952.0,2643.0,4831.0,3936.0,2743.0,3859.0,2532.0,3374.0,2758.0,2815.0,2339.0,2162.0,2922.0,3294.0,3084.0,2570.0,3038.0,2993.0,2923.0,3755.0,2510.0,2560.0,2674.0,2853.0,2232.0,4846.0,2666.0,2340.0,3064.0,3342.0,2422.0,3644.0,2632.0
